-- Seed script for test data
-- This creates a test user and associated data for development/testing

-- Note: In production, use Supabase Auth UI or API to create users
-- For testing, we'll create a test user with email: test@rtrader.com

-- Insert test profile (this will be created when user signs up via Supabase Auth)
-- The user ID will be generated by Supabase Auth, so we'll use a placeholder UUID
-- In practice, after creating the auth user, copy the user ID here

INSERT INTO profiles (id, email, full_name, subscription_status, created_at, updated_at)
VALUES (
  'cf0d0cc4-cb26-4adf-9b49-69fbc4cec7dd', -- Replace with actual user ID from Supabase Auth
  'test@rtrader.com',
  'Test User',
  'active',
  NOW(),
  NOW()
) ON CONFLICT (id) DO UPDATE SET updated_at = NOW();

-- Insert test chats
INSERT INTO chats (id, name, description, created_at, updated_at)
VALUES 
  ('chat-1', 'Газ/нефть', 'Обсуждение энергоносителей', NOW(), NOW()),
  ('chat-2', 'Продуктовый', 'Товары и продукты', NOW(), NOW()),
  ('chat-3', 'Металлы', 'Драгоценные и промышленные металлы', NOW(), NOW())
ON CONFLICT (id) DO UPDATE SET updated_at = NOW();

-- Add test user as participant in chats
INSERT INTO chat_participants (chat_id, user_id, joined_at)
VALUES 
  ('chat-1', 'cf0d0cc4-cb26-4adf-9b49-69fbc4cec7dd', NOW()),
  ('chat-2', 'cf0d0cc4-cb26-4adf-9b49-69fbc4cec7dd', NOW()),
  ('chat-3', 'cf0d0cc4-cb26-4adf-9b49-69fbc4cec7dd', NOW())
ON CONFLICT (chat_id, user_id) DO NOTHING;

-- Insert test messages
INSERT INTO messages (id, chat_id, user_id, content, created_at, updated_at)
VALUES 
  ('msg-1', 'chat-1', 'cf0d0cc4-cb26-4adf-9b49-69fbc4cec7dd', 'Привет! Как дела с ценами на нефть?', NOW(), NOW()),
  ('msg-2', 'chat-1', 'cf0d0cc4-cb26-4adf-9b49-69fbc4cec7dd', 'Интересно, что будет дальше с курсом доллара', NOW() + INTERVAL '1 minute', NOW() + INTERVAL '1 minute'),
  ('msg-3', 'chat-2', 'cf0d0cc4-cb26-4adf-9b49-69fbc4cec7dd', 'Какие акции вы рекомендуете?', NOW() + INTERVAL '2 minutes', NOW() + INTERVAL '2 minutes'),
  ('msg-4', 'chat-3', 'cf0d0cc4-cb26-4adf-9b49-69fbc4cec7dd', 'Золото растёт в цене', NOW() + INTERVAL '3 minutes', NOW() + INTERVAL '3 minutes')
ON CONFLICT (id) DO UPDATE SET updated_at = NOW();

-- Insert test subscription
INSERT INTO subscriptions (id, user_id, plan, status, started_at, expires_at, created_at, updated_at)
VALUES (
  'sub-1',
  'cf0d0cc4-cb26-4adf-9b49-69fbc4cec7dd',
  'premium',
  'active',
  NOW(),
  NOW() + INTERVAL '30 days',
  NOW(),
  NOW()
) ON CONFLICT (id) DO UPDATE SET updated_at = NOW();

-- Insert test chat settings (mute status)
INSERT INTO chat_settings (chat_id, user_id, is_muted, created_at, updated_at)
VALUES 
  ('chat-1', 'cf0d0cc4-cb26-4adf-9b49-69fbc4cec7dd', false, NOW(), NOW()),
  ('chat-2', 'cf0d0cc4-cb26-4adf-9b49-69fbc4cec7dd', false, NOW(), NOW()),
  ('chat-3', 'cf0d0cc4-cb26-4adf-9b49-69fbc4cec7dd', false, NOW(), NOW())
ON CONFLICT (chat_id, user_id) DO UPDATE SET updated_at = NOW();
